channel,prior_std,sens_z_combined,sens_mV_combined,CRB_Roy100_icaRec_5k,CRB_Roy500_icaRec_5k,CRB_Roy1000_icaRec_5k,CRB_Roy1500_icaRec_5k,CRB_Roy2000_icaRec_5k,CRB_combined,ii_Roy100_icaRec_5k,ii_Roy500_icaRec_5k,ii_Roy1000_icaRec_5k,ii_Roy1500_icaRec_5k,ii_Roy2000_icaRec_5k,ii_combined
gNaTs2_tbar_NaTs2_t_apical,0.6186,4.2545,80.6247,0.6397,0.5467,0.7958,0.3873,0.5388,0.2059,1.0343,0.8838,1.2865,0.6262,0.8711,0.3328
gSKv3_1bar_SKv3_1_apical,0.4815,2.2166,42.0055,0.8616,0.9797,2.5129,1.3112,0.6307,0.3547,1.7892,2.0345,5.2185,2.7228,1.3098,0.7366
gImbar_Im_apical,0.5622,3.9621,75.0831,0.6713,0.7104,0.6574,0.7579,0.6320,0.2551,1.1939,1.2634,1.1693,1.3480,1.1241,0.4538
gIhbar_Ih_dend,0.5273,0.9703,18.3874,5.3982,4.2234,3.8333,3.0473,1.2706,0.8309,10.2382,8.0101,7.2703,5.7796,2.4098,1.5758
gNaTa_tbar_NaTa_t_axonal,0.5977,4.5038,85.3498,8.1850,1.6216,0.6543,1.3208,0.6549,0.2656,13.6935,2.7130,1.0947,2.2098,1.0956,0.4443
gK_Tstbar_K_Tst_axonal,0.5401,0.2724,5.1612,2130.9148,989.9421,141.2720,11.3056,6.6521,3.0430,3945.3283,1832.8498,261.5611,20.9320,12.3162,5.6340
gNap_Et2bar_Nap_Et2_axonal,0.4937,5.6178,106.4605,1.1433,3.3892,0.6866,1.7366,0.4182,0.2483,2.3157,6.8644,1.3907,3.5172,0.8470,0.5029
gSK_E2bar_SK_E2_axonal,0.4840,2.8396,53.8125,36.0404,1.2589,10.7471,2.1412,1.0606,0.6141,74.4622,2.6010,22.2044,4.4239,2.1914,1.2687
gCa_HVAbar_Ca_HVA_axonal,0.5404,2.5407,48.1477,84.2535,1.6402,14.8615,16.2915,1.6852,0.7660,155.9130,3.0352,27.5015,30.1478,3.1185,1.4175
gK_Pstbar_K_Pst_axonal,0.4917,6.0722,115.0716,1.0813,4.2063,0.6337,1.3946,0.7573,0.2587,2.1991,8.5544,1.2887,2.8361,1.5401,0.5260
gCa_LVAstbar_Ca_LVAst_axonal,0.5724,0.2093,3.9657,544.9000,394.9580,251.0012,5.9795,6.0276,3.4614,951.9847,690.0238,438.5196,10.4466,10.5307,6.0473
g_pas_axonal,0.6015,4.0211,76.2023,10.1426,17.0917,0.3306,13.9347,0.6529,0.2377,16.8612,28.4136,0.5496,23.1654,1.0855,0.3952
cm_axonal,0.6042,2.1504,40.7518,26.2860,42.9824,3.2887,8.1297,0.5167,0.4334,43.5043,71.1373,5.4429,13.4550,0.8551,0.7173
gSKv3_1bar_SKv3_1_somatic,0.5285,5.7250,108.4915,0.5929,2.4030,0.6098,0.2479,0.3884,0.1580,1.1218,4.5467,1.1538,0.4690,0.7348,0.2989
gNaTs2_tbar_NaTs2_t_somatic,0.6395,10.5494,199.9173,0.1717,0.1895,0.1975,0.1898,0.1141,0.0704,0.2684,0.2964,0.3088,0.2968,0.1784,0.1101
gCa_LVAstbar_Ca_LVAst_somatic,0.5103,1.1175,21.1774,147.3257,54.4101,34.1860,75.6142,0.7518,0.6767,288.7271,106.6323,66.9972,148.1877,1.4733,1.3262
g_pas_somatic,0.5928,3.5311,66.9159,27.2743,2.3359,0.7415,8.5690,0.3902,0.2849,46.0112,3.9406,1.2508,14.4557,0.6582,0.4805
cm_somatic,0.6186,2.7605,52.3124,51.9368,1.5381,12.3371,11.7652,1.7271,0.6127,83.9567,2.4863,19.9432,19.0187,2.7918,0.9904
e_pas_all,0.6306,5.8068,110.0427,3.5051,1.9497,0.5225,1.3215,0.4153,0.2337,5.5587,3.0920,0.8287,2.0958,0.6586,0.3706
