feature,gNaTs2_tbar_NaTs2_t_apical,gSKv3_1bar_SKv3_1_apical,gImbar_Im_apical,gIhbar_Ih_dend,gNaTa_tbar_NaTa_t_axonal,gK_Tstbar_K_Tst_axonal,gNap_Et2bar_Nap_Et2_axonal,gSK_E2bar_SK_E2_axonal,gCa_HVAbar_Ca_HVA_axonal,gK_Pstbar_K_Pst_axonal,gCa_LVAstbar_Ca_LVAst_axonal,g_pas_axonal,cm_axonal,gSKv3_1bar_SKv3_1_somatic,gNaTs2_tbar_NaTs2_t_somatic,gCa_LVAstbar_Ca_LVAst_somatic,g_pas_somatic,cm_somatic,e_pas_all
time_to_first_spike,1.98680,0.43022,1.88153,0.07528,1.48671,0.02245,18.91772,1.34127,1.21169,14.46057,0.04201,1.23970,1.27068,1.90139,9.78629,0.83020,0.14956,0.82064,18.80270
mean_frequency,1.34035,0.37490,0.69968,0.41067,1.41939,0.26233,0.86074,0.57547,0.57173,0.88419,0.33654,1.06648,0.51727,1.01158,2.76544,0.02252,0.42709,0.55010,0.59006
inv_first_ISI,7.96785,1.46056,7.92998,2.72507,3.28555,1.77962,23.54257,2.92638,0.85670,7.51968,0.16641,1.98209,2.19552,4.95430,26.91470,0.25423,1.91019,1.76192,2.97788
AHP_depth_abs_slow,9.25738,1.16091,2.02395,8.95386,1.11277,2.76940,8.68626,0.80313,0.34489,6.92953,0.14082,6.79036,0.48519,5.29029,12.11338,0.04866,5.26863,10.58502,6.70266
ISI_values,9.48286,5.39586,29.03585,5.03182,8.59841,0.67076,8.41279,6.48330,4.82211,9.92493,3.71067,8.18583,6.06048,14.74098,23.75780,0.83695,8.96335,10.37881,8.39001
AP_amplitude,2.14366,0.84154,1.34818,1.18160,1.69828,0.33554,6.46319,0.89172,0.46865,5.77115,0.04221,1.23102,1.00893,1.45477,1.95708,0.42771,1.09674,0.73121,6.75604
voltage_base,0.21570,0.09834,0.26392,1.52112,0.32950,0.00302,0.28644,0.19849,0.03134,0.48232,0.01256,0.33445,0.09459,0.39551,2.95904,0.02942,0.17350,0.01393,2.28045
steady_state_voltage_stimend,4.20538,3.34302,2.60179,0.69488,5.49895,0.07794,10.61720,2.95826,2.95425,11.28849,0.13311,3.93397,0.84631,11.40163,20.39426,0.31287,1.82100,2.92482,10.71711
voltage_deflection,4.26988,3.36242,2.54112,0.32541,5.47876,0.07809,10.59915,2.95646,2.95279,11.25544,0.13347,3.91872,0.83214,11.34558,21.35688,0.30634,1.82063,2.92516,10.56122
minimum_voltage,0.07880,0.05233,0.10179,0.66862,1.84311,0.00858,0.30078,0.15475,0.04053,1.78678,0.09638,0.16491,0.05036,0.29117,1.47090,0.01606,0.08669,0.03248,1.19277
AUC,0.34310,0.18336,0.31733,0.09614,0.47391,0.01234,2.83639,0.17072,0.15178,2.86143,0.02820,0.26222,0.20919,0.52400,3.09481,0.04146,0.34621,0.15597,2.83959
