channel,sens_z_Roy100_icaRec_5k,sens_z_Roy500_icaRec_5k,sens_z_Roy1000_icaRec_5k,sens_z_Roy1500_icaRec_5k,sens_z_Roy2000_icaRec_5k,sens_z_combined,sens_mV_Roy100_icaRec_5k,sens_mV_Roy500_icaRec_5k,sens_mV_Roy1000_icaRec_5k,sens_mV_Roy1500_icaRec_5k,sens_mV_Roy2000_icaRec_5k,sens_mV_combined
gNaTs2_tbar_NaTs2_t_apical,1.5143,2.1913,1.1594,2.1793,2.2163,4.2545,28.6970,41.5265,21.9713,41.2990,42.0004,80.6247
gSKv3_1bar_SKv3_1_apical,0.9587,1.1791,0.3141,0.6790,1.4297,2.2166,18.1671,22.3452,5.9526,12.8679,27.0942,42.0055
gImbar_Im_apical,1.3758,2.0122,1.8558,1.2140,2.1996,3.9621,26.0726,38.1329,35.1676,23.0051,41.6843,75.0831
gIhbar_Ih_dend,0.1995,0.1952,0.1992,0.5070,0.7528,0.9703,3.7811,3.7000,3.7744,9.6086,14.2667,18.3874
gNaTa_tbar_NaTa_t_axonal,0.5952,1.1884,3.0087,1.1432,2.8564,4.5038,11.2795,22.5210,57.0156,21.6646,54.1298,85.3498
gK_Tstbar_K_Tst_axonal,0.0016,0.0064,0.0114,0.2388,0.1302,0.2724,0.0311,0.1218,0.2163,4.5260,2.4680,5.1612
gNap_Et2bar_Nap_Et2_axonal,1.1326,1.2168,4.7311,0.9203,2.3593,5.6178,21.4625,23.0599,89.6563,17.4397,44.7107,106.4605
gSK_E2bar_SK_E2_axonal,0.1221,0.8702,0.6629,0.7946,2.4941,2.8396,2.3141,16.4901,12.5628,15.0578,47.2647,53.8125
gCa_HVAbar_Ca_HVA_axonal,0.1382,0.4781,0.6258,0.0854,2.4101,2.5407,2.6187,9.0608,11.8586,1.6193,45.6728,48.1477
gK_Pstbar_K_Pst_axonal,1.1722,1.2330,5.5223,1.1859,1.4406,6.0722,22.2133,23.3652,104.6507,22.4733,27.3003,115.0716
gCa_LVAstbar_Ca_LVAst_axonal,0.0076,0.0099,0.0315,0.1611,0.1292,0.2093,0.1443,0.1867,0.5962,3.0536,2.4477,3.9657
g_pas_axonal,0.6291,0.2671,2.9544,0.3699,2.6147,4.0211,11.9210,5.0616,55.9878,7.0096,49.5509,76.2023
cm_axonal,0.2517,0.1624,0.8506,0.4611,1.8970,2.1504,4.7696,3.0778,16.1194,8.7380,35.9486,40.7518
gSKv3_1bar_SKv3_1_somatic,1.3130,1.2492,3.3640,3.1455,2.8776,5.7250,24.8829,23.6729,63.7490,59.6081,54.5324,108.4915
gNaTs2_tbar_NaTs2_t_somatic,4.3596,4.0799,3.9924,4.0422,6.5849,10.5494,82.6160,77.3155,75.6589,76.6016,124.7868,199.9173
gCa_LVAstbar_Ca_LVAst_somatic,0.0597,0.0917,0.3204,0.0144,1.0649,1.1175,1.1311,1.7383,6.0720,0.2732,20.1801,21.1774
g_pas_somatic,0.4164,1.1718,2.3788,0.2694,2.2783,3.5311,7.8907,22.2057,45.0801,5.1048,43.1752,66.9159
cm_somatic,0.0830,1.1820,0.4957,0.2917,2.4260,2.7605,1.5737,22.3993,9.3929,5.5284,45.9738,52.3124
e_pas_all,0.4573,1.2210,5.0357,1.0143,2.3731,5.8068,8.6662,23.1394,95.4300,19.2214,44.9723,110.0427
