channel,rank,stim,variation_mV,variation_norm
gNaTs2_tbar_NaTs2_t_apical,1,5k50kInterChaoticB,1.49313,1.0000
gNaTs2_tbar_NaTs2_t_apical,2,Roy2000_icaRec_5k,0.00074,0.0005
gNaTs2_tbar_NaTs2_t_apical,3,Roy1500_icaRec_5k,0.00030,0.0002
gNaTs2_tbar_NaTs2_t_apical,4,Roy1000_icaRec_5k,0.00019,0.0001
gNaTs2_tbar_NaTs2_t_apical,5,Roy500_icaRec_5k,0.00015,0.0001
gNaTs2_tbar_NaTs2_t_apical,6,Roy100_icaRec_5k,0.00013,0.0001
gSKv3_1bar_SKv3_1_apical,1,5k50kInterChaoticB,0.14850,1.0000
gSKv3_1bar_SKv3_1_apical,2,Roy2000_icaRec_5k,0.07254,0.4885
gSKv3_1bar_SKv3_1_apical,3,Roy1500_icaRec_5k,0.06518,0.4389
gSKv3_1bar_SKv3_1_apical,4,Roy1000_icaRec_5k,0.06036,0.4065
gSKv3_1bar_SKv3_1_apical,5,Roy500_icaRec_5k,0.05633,0.3793
gSKv3_1bar_SKv3_1_apical,6,Roy100_icaRec_5k,0.05350,0.3603
gImbar_Im_apical,1,5k50kInterChaoticB,0.12373,1.0000
gImbar_Im_apical,2,Roy2000_icaRec_5k,0.01950,0.1576
gImbar_Im_apical,3,Roy1500_icaRec_5k,0.01605,0.1297
gImbar_Im_apical,4,Roy1000_icaRec_5k,0.01394,0.1127
gImbar_Im_apical,5,Roy500_icaRec_5k,0.01238,0.1001
gImbar_Im_apical,6,Roy100_icaRec_5k,0.01142,0.0923
gIhbar_Ih_dend,1,Roy100_icaRec_5k,1.81388,1.0000
gIhbar_Ih_dend,2,Roy500_icaRec_5k,1.76818,0.9748
gIhbar_Ih_dend,3,Roy1000_icaRec_5k,1.71603,0.9461
gIhbar_Ih_dend,4,Roy1500_icaRec_5k,1.66962,0.9205
gIhbar_Ih_dend,5,Roy2000_icaRec_5k,1.51148,0.8333
gIhbar_Ih_dend,6,5k50kInterChaoticB,1.44363,0.7959
gNaTa_tbar_NaTa_t_axonal,1,Roy2000_icaRec_5k,1.00368,1.0000
gNaTa_tbar_NaTa_t_axonal,2,5k50kInterChaoticB,0.80215,0.7992
gNaTa_tbar_NaTa_t_axonal,3,Roy1500_icaRec_5k,0.70360,0.7010
gNaTa_tbar_NaTa_t_axonal,4,Roy1000_icaRec_5k,0.04478,0.0446
gNaTa_tbar_NaTa_t_axonal,5,Roy500_icaRec_5k,0.03859,0.0384
gNaTa_tbar_NaTa_t_axonal,6,Roy100_icaRec_5k,0.03592,0.0358
gK_Tstbar_K_Tst_axonal,1,5k50kInterChaoticB,0.05273,1.0000
gK_Tstbar_K_Tst_axonal,2,Roy2000_icaRec_5k,0.00272,0.0516
gK_Tstbar_K_Tst_axonal,3,Roy1500_icaRec_5k,0.00235,0.0446
gK_Tstbar_K_Tst_axonal,4,Roy1000_icaRec_5k,0.00223,0.0423
gK_Tstbar_K_Tst_axonal,5,Roy500_icaRec_5k,0.00214,0.0406
gK_Tstbar_K_Tst_axonal,6,Roy100_icaRec_5k,0.00208,0.0395
gNap_Et2bar_Nap_Et2_axonal,1,Roy2000_icaRec_5k,3.69659,1.0000
gNap_Et2bar_Nap_Et2_axonal,2,5k50kInterChaoticB,3.26685,0.8837
gNap_Et2bar_Nap_Et2_axonal,3,Roy1500_icaRec_5k,0.00290,0.0008
gNap_Et2bar_Nap_Et2_axonal,4,Roy1000_icaRec_5k,0.00137,0.0004
gNap_Et2bar_Nap_Et2_axonal,5,Roy500_icaRec_5k,0.00101,0.0003
gNap_Et2bar_Nap_Et2_axonal,6,Roy100_icaRec_5k,0.00089,0.0002
gSK_E2bar_SK_E2_axonal,1,5k50kInterChaoticB,0.83646,1.0000
gSK_E2bar_SK_E2_axonal,2,Roy2000_icaRec_5k,0.34841,0.4165
gSK_E2bar_SK_E2_axonal,3,Roy1500_icaRec_5k,0.33706,0.4030
gSK_E2bar_SK_E2_axonal,4,Roy1000_icaRec_5k,0.33304,0.3982
gSK_E2bar_SK_E2_axonal,5,Roy500_icaRec_5k,0.32894,0.3933
gSK_E2bar_SK_E2_axonal,6,Roy100_icaRec_5k,0.32523,0.3888
gCa_HVAbar_Ca_HVA_axonal,1,5k50kInterChaoticB,0.19626,1.0000
gCa_HVAbar_Ca_HVA_axonal,2,Roy2000_icaRec_5k,0.00000,0.0000
gCa_HVAbar_Ca_HVA_axonal,3,Roy1500_icaRec_5k,0.00000,0.0000
gCa_HVAbar_Ca_HVA_axonal,4,Roy1000_icaRec_5k,0.00000,0.0000
gCa_HVAbar_Ca_HVA_axonal,5,Roy500_icaRec_5k,0.00000,0.0000
gCa_HVAbar_Ca_HVA_axonal,6,Roy100_icaRec_5k,0.00000,0.0000
gK_Pstbar_K_Pst_axonal,1,Roy2000_icaRec_5k,4.15083,1.0000
gK_Pstbar_K_Pst_axonal,2,5k50kInterChaoticB,3.33491,0.8034
gK_Pstbar_K_Pst_axonal,3,Roy1500_icaRec_5k,0.54716,0.1318
gK_Pstbar_K_Pst_axonal,4,Roy1000_icaRec_5k,0.52514,0.1265
gK_Pstbar_K_Pst_axonal,5,Roy500_icaRec_5k,0.50638,0.1220
gK_Pstbar_K_Pst_axonal,6,Roy100_icaRec_5k,0.49262,0.1187
gCa_LVAstbar_Ca_LVAst_axonal,1,5k50kInterChaoticB,0.26703,1.0000
gCa_LVAstbar_Ca_LVAst_axonal,2,Roy2000_icaRec_5k,0.00400,0.0150
gCa_LVAstbar_Ca_LVAst_axonal,3,Roy1500_icaRec_5k,0.00368,0.0138
gCa_LVAstbar_Ca_LVAst_axonal,4,Roy100_icaRec_5k,0.00367,0.0137
gCa_LVAstbar_Ca_LVAst_axonal,5,Roy500_icaRec_5k,0.00367,0.0137
gCa_LVAstbar_Ca_LVAst_axonal,6,Roy1000_icaRec_5k,0.00366,0.0137
g_pas_axonal,1,Roy100_icaRec_5k,0.28419,1.0000
g_pas_axonal,2,Roy500_icaRec_5k,0.26984,0.9495
g_pas_axonal,3,Roy1000_icaRec_5k,0.25278,0.8895
g_pas_axonal,4,Roy1500_icaRec_5k,0.23675,0.8331
g_pas_axonal,5,Roy2000_icaRec_5k,0.22302,0.7848
g_pas_axonal,6,5k50kInterChaoticB,0.16260,0.5722
cm_axonal,1,Roy2000_icaRec_5k,0.87574,1.0000
cm_axonal,2,5k50kInterChaoticB,0.19456,0.2222
cm_axonal,3,Roy1500_icaRec_5k,0.02092,0.0239
cm_axonal,4,Roy1000_icaRec_5k,0.01688,0.0193
cm_axonal,5,Roy500_icaRec_5k,0.01269,0.0145
cm_axonal,6,Roy100_icaRec_5k,0.00931,0.0106
gSKv3_1bar_SKv3_1_somatic,1,5k50kInterChaoticB,1.96848,1.0000
gSKv3_1bar_SKv3_1_somatic,2,Roy2000_icaRec_5k,0.47109,0.2393
gSKv3_1bar_SKv3_1_somatic,3,Roy1500_icaRec_5k,0.40235,0.2044
gSKv3_1bar_SKv3_1_somatic,4,Roy1000_icaRec_5k,0.35848,0.1821
gSKv3_1bar_SKv3_1_somatic,5,Roy500_icaRec_5k,0.32491,0.1651
gSKv3_1bar_SKv3_1_somatic,6,Roy100_icaRec_5k,0.30351,0.1542
gNaTs2_tbar_NaTs2_t_somatic,1,5k50kInterChaoticB,1.51215,1.0000
gNaTs2_tbar_NaTs2_t_somatic,2,Roy2000_icaRec_5k,0.78935,0.5220
gNaTs2_tbar_NaTs2_t_somatic,3,Roy1500_icaRec_5k,0.00406,0.0027
gNaTs2_tbar_NaTs2_t_somatic,4,Roy1000_icaRec_5k,0.00093,0.0006
gNaTs2_tbar_NaTs2_t_somatic,5,Roy500_icaRec_5k,0.00043,0.0003
gNaTs2_tbar_NaTs2_t_somatic,6,Roy100_icaRec_5k,0.00032,0.0002
gCa_LVAstbar_Ca_LVAst_somatic,1,5k50kInterChaoticB,0.30701,1.0000
gCa_LVAstbar_Ca_LVAst_somatic,2,Roy2000_icaRec_5k,0.00023,0.0007
gCa_LVAstbar_Ca_LVAst_somatic,3,Roy1500_icaRec_5k,0.00014,0.0005
gCa_LVAstbar_Ca_LVAst_somatic,4,Roy1000_icaRec_5k,0.00011,0.0004
gCa_LVAstbar_Ca_LVAst_somatic,5,Roy500_icaRec_5k,0.00009,0.0003
gCa_LVAstbar_Ca_LVAst_somatic,6,Roy100_icaRec_5k,0.00009,0.0003
g_pas_somatic,1,5k50kInterChaoticB,0.10970,1.0000
g_pas_somatic,2,Roy2000_icaRec_5k,0.10042,0.9155
g_pas_somatic,3,Roy1500_icaRec_5k,0.07433,0.6776
g_pas_somatic,4,Roy1000_icaRec_5k,0.05195,0.4736
g_pas_somatic,5,Roy500_icaRec_5k,0.02966,0.2704
g_pas_somatic,6,Roy100_icaRec_5k,0.01426,0.1300
cm_somatic,1,5k50kInterChaoticB,0.53893,1.0000
cm_somatic,2,Roy2000_icaRec_5k,0.02664,0.0494
cm_somatic,3,Roy1500_icaRec_5k,0.02186,0.0406
cm_somatic,4,Roy1000_icaRec_5k,0.01469,0.0273
cm_somatic,5,Roy500_icaRec_5k,0.00743,0.0138
cm_somatic,6,Roy100_icaRec_5k,0.00162,0.0030
e_pas_all,1,Roy1000_icaRec_5k,3.64977,1.0000
e_pas_all,2,Roy500_icaRec_5k,3.64675,0.9992
e_pas_all,3,Roy100_icaRec_5k,3.64217,0.9979
e_pas_all,4,Roy1500_icaRec_5k,3.31818,0.9091
e_pas_all,5,Roy2000_icaRec_5k,2.87188,0.7869
e_pas_all,6,5k50kInterChaoticB,2.32862,0.6380
