model,scale,amp,n,spikes_sim,spikes_data,spike_rmse,mse_fixed,mse_z,dtw_z,R_med,R_q25,R_q75,R_n
recordings,,500,18,,3.67,,,,,168.5,72.3,335.3,18
pilotft_x1,1.0,500,18,0.00,3.67,4.75,0.247,0.602,0.186,35.7,33.6,38.5,18
zs200k_x1,1.0,500,18,0.00,3.67,4.75,0.268,0.608,0.192,38.8,38.6,39.0,18
zs200k_c3,3.0,500,18,0.00,3.67,4.75,0.208,0.608,0.192,116.4,115.8,116.9,18
recordings,,1000,18,,8.33,,,,,140.3,98.4,220.0,18
pilotft_x1,1.0,1000,18,0.00,8.33,9.28,0.723,0.590,0.150,38.9,38.6,39.3,18
zs200k_x1,1.0,1000,18,0.00,8.33,9.28,0.742,0.604,0.158,39.3,38.4,39.4,18
zs200k_c3,3.0,1000,18,1.33,8.33,7.99,0.588,0.873,0.335,125.2,118.2,128.1,12
recordings,,1500,18,,12.50,,,,,137.6,87.6,144.4,18
pilotft_x1,1.0,1500,18,0.00,12.50,13.21,1.024,0.504,0.139,39.2,38.6,39.3,18
zs200k_x1,1.0,1500,18,0.00,12.50,13.21,1.075,0.501,0.136,39.1,39.0,43.1,18
zs200k_c3,3.0,1500,18,3.94,12.50,9.53,0.678,0.573,0.140,101.3,100.2,107.7,18
recordings,,2000,18,,15.28,,,,,135.6,81.5,169.7,18
pilotft_x1,1.0,2000,18,1.28,15.28,14.42,1.467,1.028,0.533,40.9,27.3,44.7,10
zs200k_x1,1.0,2000,18,0.00,15.28,15.59,1.413,0.459,0.125,39.6,39.2,44.3,18
zs200k_c3,3.0,2000,18,7.78,15.28,8.03,0.864,0.480,0.128,89.3,88.8,92.4,17
